--------------------------------------------------------
-- Archivo creado  - lunes-junio-29-2020   
--------------------------------------------------------
--------------------------------------------------------
--  DDL for Table ACUDIENTE
--------------------------------------------------------

  CREATE TABLE "ACUDIENTE" 
   (	"NUMDOC" NUMBER(10,0), 
	"TIPODOC" CHAR(2 BYTE), 
	"COACUD" NUMBER(*,0), 
	"COMUN" NUMBER(3,0), 
	"DIRECCIONRES" VARCHAR2(40 BYTE), 
	"OCUPACION" VARCHAR2(40 BYTE)
   ) SEGMENT CREATION IMMEDIATE 
  PCTFREE 10 PCTUSED 40 INITRANS 1 MAXTRANS 255 
 NOCOMPRESS LOGGING
  STORAGE(INITIAL 65536 NEXT 1048576 MINEXTENTS 1 MAXEXTENTS 2147483645
  PCTINCREASE 0 FREELISTS 1 FREELIST GROUPS 1
  BUFFER_POOL DEFAULT FLASH_CACHE DEFAULT CELL_FLASH_CACHE DEFAULT)
  TABLESPACE "SYSTEM" ;
--------------------------------------------------------
--  DDL for Table ASIGNATURA
--------------------------------------------------------

  CREATE TABLE "ASIGNATURA" 
   (	"COASIG" VARCHAR2(8 BYTE), 
	"COGRA" NUMBER(2,0), 
	"NOMBREASIG" VARCHAR2(40 BYTE), 
	"HORASEM" NUMBER(1,0)
   ) SEGMENT CREATION IMMEDIATE 
  PCTFREE 10 PCTUSED 40 INITRANS 1 MAXTRANS 255 
 NOCOMPRESS LOGGING
  STORAGE(INITIAL 65536 NEXT 1048576 MINEXTENTS 1 MAXEXTENTS 2147483645
  PCTINCREASE 0 FREELISTS 1 FREELIST GROUPS 1
  BUFFER_POOL DEFAULT FLASH_CACHE DEFAULT CELL_FLASH_CACHE DEFAULT)
  TABLESPACE "SYSTEM" ;
--------------------------------------------------------
--  DDL for Table CARGA_ACAD
--------------------------------------------------------

  CREATE TABLE "CARGA_ACAD" 
   (	"IDCARGA" NUMBER(*,0), 
	"COGRA" NUMBER(2,0), 
	"LITERALCURSO" CHAR(1 BYTE), 
	"ANOACAD" NUMBER(4,0), 
	"COASIG" VARCHAR2(8 BYTE), 
	"COPROF" NUMBER(2,0), 
	"FECHAINI" DATE, 
	"FECHAFIN" DATE, 
	"ESTADOCAR" CHAR(1 BYTE)
   ) SEGMENT CREATION IMMEDIATE 
  PCTFREE 10 PCTUSED 40 INITRANS 1 MAXTRANS 255 
 NOCOMPRESS LOGGING
  STORAGE(INITIAL 65536 NEXT 1048576 MINEXTENTS 1 MAXEXTENTS 2147483645
  PCTINCREASE 0 FREELISTS 1 FREELIST GROUPS 1
  BUFFER_POOL DEFAULT FLASH_CACHE DEFAULT CELL_FLASH_CACHE DEFAULT)
  TABLESPACE "SYSTEM" ;
--------------------------------------------------------
--  DDL for Table CARGO
--------------------------------------------------------

  CREATE TABLE "CARGO" 
   (	"IDCARGO" NUMBER(2,0), 
	"NOMBRECARGO" VARCHAR2(40 BYTE)
   ) SEGMENT CREATION IMMEDIATE 
  PCTFREE 10 PCTUSED 40 INITRANS 1 MAXTRANS 255 
 NOCOMPRESS LOGGING
  STORAGE(INITIAL 65536 NEXT 1048576 MINEXTENTS 1 MAXEXTENTS 2147483645
  PCTINCREASE 0 FREELISTS 1 FREELIST GROUPS 1
  BUFFER_POOL DEFAULT FLASH_CACHE DEFAULT CELL_FLASH_CACHE DEFAULT)
  TABLESPACE "SYSTEM" ;
--------------------------------------------------------
--  DDL for Table COLEGIO
--------------------------------------------------------

  CREATE TABLE "COLEGIO" 
   (	"COCOLEGIO" NUMBER(3,0), 
	"NOMBRECOLEGIO" VARCHAR2(40 BYTE)
   ) SEGMENT CREATION IMMEDIATE 
  PCTFREE 10 PCTUSED 40 INITRANS 1 MAXTRANS 255 
 NOCOMPRESS LOGGING
  STORAGE(INITIAL 65536 NEXT 1048576 MINEXTENTS 1 MAXEXTENTS 2147483645
  PCTINCREASE 0 FREELISTS 1 FREELIST GROUPS 1
  BUFFER_POOL DEFAULT FLASH_CACHE DEFAULT CELL_FLASH_CACHE DEFAULT)
  TABLESPACE "SYSTEM" ;
--------------------------------------------------------
--  DDL for Table CURSO
--------------------------------------------------------

  CREATE TABLE "CURSO" 
   (	"COGRA" NUMBER(2,0), 
	"LITERALCURSO" CHAR(1 BYTE), 
	"ANOACAD" NUMBER(4,0), 
	"CUPOEST" NUMBER(2,0), 
	"NOMBRECUR" CHAR(10 BYTE)
   ) SEGMENT CREATION IMMEDIATE 
  PCTFREE 10 PCTUSED 40 INITRANS 1 MAXTRANS 255 
 NOCOMPRESS LOGGING
  STORAGE(INITIAL 65536 NEXT 1048576 MINEXTENTS 1 MAXEXTENTS 2147483645
  PCTINCREASE 0 FREELISTS 1 FREELIST GROUPS 1
  BUFFER_POOL DEFAULT FLASH_CACHE DEFAULT CELL_FLASH_CACHE DEFAULT)
  TABLESPACE "SYSTEM" ;
--------------------------------------------------------
--  DDL for Table ENTIDAD_BANCARIA
--------------------------------------------------------

  CREATE TABLE "ENTIDAD_BANCARIA" 
   (	"COENTBAN" NUMBER(2,0), 
	"NOMBREENT" VARCHAR2(40 BYTE), 
	"DIRECC" VARCHAR2(40 BYTE)
   ) SEGMENT CREATION IMMEDIATE 
  PCTFREE 10 PCTUSED 40 INITRANS 1 MAXTRANS 255 
 NOCOMPRESS LOGGING
  STORAGE(INITIAL 65536 NEXT 1048576 MINEXTENTS 1 MAXEXTENTS 2147483645
  PCTINCREASE 0 FREELISTS 1 FREELIST GROUPS 1
  BUFFER_POOL DEFAULT FLASH_CACHE DEFAULT CELL_FLASH_CACHE DEFAULT)
  TABLESPACE "SYSTEM" ;
--------------------------------------------------------
--  DDL for Table ESTUDIANTE
--------------------------------------------------------

  CREATE TABLE "ESTUDIANTE" 
   (	"NUMDOC" NUMBER(10,0), 
	"TIPODOC" CHAR(2 BYTE), 
	"COEST" NUMBER(4,0), 
	"COCOLEGIO" NUMBER(3,0), 
	"COACUD" NUMBER(*,0), 
	"FECHANAC" DATE
   ) SEGMENT CREATION IMMEDIATE 
  PCTFREE 10 PCTUSED 40 INITRANS 1 MAXTRANS 255 
 NOCOMPRESS LOGGING
  STORAGE(INITIAL 65536 NEXT 1048576 MINEXTENTS 1 MAXEXTENTS 2147483645
  PCTINCREASE 0 FREELISTS 1 FREELIST GROUPS 1
  BUFFER_POOL DEFAULT FLASH_CACHE DEFAULT CELL_FLASH_CACHE DEFAULT)
  TABLESPACE "SYSTEM" ;
--------------------------------------------------------
--  DDL for Table GRADO
--------------------------------------------------------

  CREATE TABLE "GRADO" 
   (	"COGRA" NUMBER(2,0), 
	"NOMGRAD" VARCHAR2(10 BYTE)
   ) SEGMENT CREATION IMMEDIATE 
  PCTFREE 10 PCTUSED 40 INITRANS 1 MAXTRANS 255 
 NOCOMPRESS LOGGING
  STORAGE(INITIAL 65536 NEXT 1048576 MINEXTENTS 1 MAXEXTENTS 2147483645
  PCTINCREASE 0 FREELISTS 1 FREELIST GROUPS 1
  BUFFER_POOL DEFAULT FLASH_CACHE DEFAULT CELL_FLASH_CACHE DEFAULT)
  TABLESPACE "SYSTEM" ;
--------------------------------------------------------
--  DDL for Table MATRICULA
--------------------------------------------------------

  CREATE TABLE "MATRICULA" 
   (	"NUMATR" NUMBER(6,0), 
	"COGRA" NUMBER(2,0), 
	"LITERALCURSO" CHAR(1 BYTE), 
	"ANOACAD" NUMBER(4,0), 
	"COEST" NUMBER(4,0), 
	"NUPAG" NUMBER(*,0), 
	"FECHAMATR" DATE, 
	"ESTADOFIN" CHAR(1 BYTE)
   ) SEGMENT CREATION IMMEDIATE 
  PCTFREE 10 PCTUSED 40 INITRANS 1 MAXTRANS 255 
 NOCOMPRESS LOGGING
  STORAGE(INITIAL 65536 NEXT 1048576 MINEXTENTS 1 MAXEXTENTS 2147483645
  PCTINCREASE 0 FREELISTS 1 FREELIST GROUPS 1
  BUFFER_POOL DEFAULT FLASH_CACHE DEFAULT CELL_FLASH_CACHE DEFAULT)
  TABLESPACE "SYSTEM" ;
--------------------------------------------------------
--  DDL for Table MUNICIPIO
--------------------------------------------------------

  CREATE TABLE "MUNICIPIO" 
   (	"COMUN" NUMBER(3,0), 
	"NOMUN" VARCHAR2(30 BYTE)
   ) SEGMENT CREATION IMMEDIATE 
  PCTFREE 10 PCTUSED 40 INITRANS 1 MAXTRANS 255 
 NOCOMPRESS LOGGING
  STORAGE(INITIAL 65536 NEXT 1048576 MINEXTENTS 1 MAXEXTENTS 2147483645
  PCTINCREASE 0 FREELISTS 1 FREELIST GROUPS 1
  BUFFER_POOL DEFAULT FLASH_CACHE DEFAULT CELL_FLASH_CACHE DEFAULT)
  TABLESPACE "SYSTEM" ;
--------------------------------------------------------
--  DDL for Table PAGO
--------------------------------------------------------

  CREATE TABLE "PAGO" 
   (	"NUPAG" NUMBER(*,0), 
	"COENTBAN" NUMBER(2,0), 
	"NUMATR" NUMBER(6,0), 
	"FECHAPAG" DATE, 
	"VALORPAG" NUMBER(6,0), 
	"ESTADOPAGO" VARCHAR2(1 BYTE)
   ) SEGMENT CREATION IMMEDIATE 
  PCTFREE 10 PCTUSED 40 INITRANS 1 MAXTRANS 255 
 NOCOMPRESS LOGGING
  STORAGE(INITIAL 65536 NEXT 1048576 MINEXTENTS 1 MAXEXTENTS 2147483645
  PCTINCREASE 0 FREELISTS 1 FREELIST GROUPS 1
  BUFFER_POOL DEFAULT FLASH_CACHE DEFAULT CELL_FLASH_CACHE DEFAULT)
  TABLESPACE "SYSTEM" ;
--------------------------------------------------------
--  DDL for Table PERSONA
--------------------------------------------------------

  CREATE TABLE "PERSONA" 
   (	"NUMDOC" NUMBER(10,0), 
	"TIPODOC" CHAR(2 BYTE), 
	"TIPOPERSONA" CHAR(2 BYTE), 
	"APELLIDO3" VARCHAR2(20 BYTE), 
	"NOMBRE3" VARCHAR2(40 BYTE), 
	"GENERO3" CHAR(1 BYTE)
   ) SEGMENT CREATION IMMEDIATE 
  PCTFREE 10 PCTUSED 40 INITRANS 1 MAXTRANS 255 
 NOCOMPRESS LOGGING
  STORAGE(INITIAL 65536 NEXT 1048576 MINEXTENTS 1 MAXEXTENTS 2147483645
  PCTINCREASE 0 FREELISTS 1 FREELIST GROUPS 1
  BUFFER_POOL DEFAULT FLASH_CACHE DEFAULT CELL_FLASH_CACHE DEFAULT)
  TABLESPACE "SYSTEM" ;
--------------------------------------------------------
--  DDL for Table PROFESOR
--------------------------------------------------------

  CREATE TABLE "PROFESOR" 
   (	"NUMDOC" NUMBER(10,0), 
	"TIPODOC" CHAR(2 BYTE), 
	"COPROF" NUMBER(2,0), 
	"IDTITULO" CHAR(10 BYTE), 
	"PRO_COPROF" NUMBER(2,0), 
	"IDCARGO" NUMBER(2,0), 
	"FECHAINGRESO" DATE
   ) SEGMENT CREATION IMMEDIATE 
  PCTFREE 10 PCTUSED 40 INITRANS 1 MAXTRANS 255 
 NOCOMPRESS LOGGING
  STORAGE(INITIAL 65536 NEXT 1048576 MINEXTENTS 1 MAXEXTENTS 2147483645
  PCTINCREASE 0 FREELISTS 1 FREELIST GROUPS 1
  BUFFER_POOL DEFAULT FLASH_CACHE DEFAULT CELL_FLASH_CACHE DEFAULT)
  TABLESPACE "SYSTEM" ;
--------------------------------------------------------
--  DDL for Table TITULOPROF
--------------------------------------------------------

  CREATE TABLE "TITULOPROF" 
   (	"IDTITULO" CHAR(10 BYTE), 
	"TITULOPROF2" VARCHAR2(40 BYTE)
   ) SEGMENT CREATION IMMEDIATE 
  PCTFREE 10 PCTUSED 40 INITRANS 1 MAXTRANS 255 
 NOCOMPRESS LOGGING
  STORAGE(INITIAL 65536 NEXT 1048576 MINEXTENTS 1 MAXEXTENTS 2147483645
  PCTINCREASE 0 FREELISTS 1 FREELIST GROUPS 1
  BUFFER_POOL DEFAULT FLASH_CACHE DEFAULT CELL_FLASH_CACHE DEFAULT)
  TABLESPACE "SYSTEM" ;
REM INSERTING into ACUDIENTE
SET DEFINE OFF;
Insert into ACUDIENTE (NUMDOC,TIPODOC,COACUD,COMUN,DIRECCIONRES,OCUPACION) values ('12','cc','1','100','calle 100','conductor');
Insert into ACUDIENTE (NUMDOC,TIPODOC,COACUD,COMUN,DIRECCIONRES,OCUPACION) values ('100','cc','2','100','calle 40','vendedora');
REM INSERTING into ASIGNATURA
SET DEFINE OFF;
Insert into ASIGNATURA (COASIG,COGRA,NOMBREASIG,HORASEM) values ('Mat1','6','Matemáticas I','8');
Insert into ASIGNATURA (COASIG,COGRA,NOMBREASIG,HORASEM) values ('Fis1','6','Física 1','4');
Insert into ASIGNATURA (COASIG,COGRA,NOMBREASIG,HORASEM) values ('Inf1','6','Informática1','4');
Insert into ASIGNATURA (COASIG,COGRA,NOMBREASIG,HORASEM) values ('Bio1','6','Biología 1','8');
REM INSERTING into CARGA_ACAD
SET DEFINE OFF;
Insert into CARGA_ACAD (IDCARGA,COGRA,LITERALCURSO,ANOACAD,COASIG,COPROF,FECHAINI,FECHAFIN,ESTADOCAR) values ('1','6','A','2015','Mat1','1',null,null,null);
Insert into CARGA_ACAD (IDCARGA,COGRA,LITERALCURSO,ANOACAD,COASIG,COPROF,FECHAINI,FECHAFIN,ESTADOCAR) values ('2','6','A','2015','Bio1','2',null,null,null);
Insert into CARGA_ACAD (IDCARGA,COGRA,LITERALCURSO,ANOACAD,COASIG,COPROF,FECHAINI,FECHAFIN,ESTADOCAR) values ('3','6','A','2015','Fis1','3',null,null,null);
Insert into CARGA_ACAD (IDCARGA,COGRA,LITERALCURSO,ANOACAD,COASIG,COPROF,FECHAINI,FECHAFIN,ESTADOCAR) values ('4','6','A','2015','Inf1','3',null,null,null);
Insert into CARGA_ACAD (IDCARGA,COGRA,LITERALCURSO,ANOACAD,COASIG,COPROF,FECHAINI,FECHAFIN,ESTADOCAR) values ('5','11','A','2020','Mat1','4',null,null,null);
Insert into CARGA_ACAD (IDCARGA,COGRA,LITERALCURSO,ANOACAD,COASIG,COPROF,FECHAINI,FECHAFIN,ESTADOCAR) values ('6','11','B','2020','Mat1','4',null,null,null);
Insert into CARGA_ACAD (IDCARGA,COGRA,LITERALCURSO,ANOACAD,COASIG,COPROF,FECHAINI,FECHAFIN,ESTADOCAR) values ('7','10','A','2020','Bio1','4',null,null,null);
Insert into CARGA_ACAD (IDCARGA,COGRA,LITERALCURSO,ANOACAD,COASIG,COPROF,FECHAINI,FECHAFIN,ESTADOCAR) values ('8','9','A','2020','Fis1','4',null,null,null);
Insert into CARGA_ACAD (IDCARGA,COGRA,LITERALCURSO,ANOACAD,COASIG,COPROF,FECHAINI,FECHAFIN,ESTADOCAR) values ('9','8','A','2020','Inf1','4',null,null,null);
Insert into CARGA_ACAD (IDCARGA,COGRA,LITERALCURSO,ANOACAD,COASIG,COPROF,FECHAINI,FECHAFIN,ESTADOCAR) values ('10','7','A','2020','Mat1','4',null,null,null);
REM INSERTING into CARGO
SET DEFINE OFF;
Insert into CARGO (IDCARGO,NOMBRECARGO) values ('1','RECTOR');
Insert into CARGO (IDCARGO,NOMBRECARGO) values ('2','COORDINADOR ACADÉMICO');
Insert into CARGO (IDCARGO,NOMBRECARGO) values ('3','COORDINADOR ÁREA SOCIALES');
Insert into CARGO (IDCARGO,NOMBRECARGO) values ('4','COORDINADOS ÁREA MATEMÁTICAS');
Insert into CARGO (IDCARGO,NOMBRECARGO) values ('5','PROFESOR TIEMPO COMPLETO');
Insert into CARGO (IDCARGO,NOMBRECARGO) values ('6','PROFESOR MEDIO TIEMPO');
Insert into CARGO (IDCARGO,NOMBRECARGO) values ('7','PPROFESOR CATEDRÁTICO');
REM INSERTING into COLEGIO
SET DEFINE OFF;
Insert into COLEGIO (COCOLEGIO,NOMBRECOLEGIO) values ('1','San Simón');
Insert into COLEGIO (COCOLEGIO,NOMBRECOLEGIO) values ('2','INEM');
Insert into COLEGIO (COCOLEGIO,NOMBRECOLEGIO) values ('3','Eucarístico');
Insert into COLEGIO (COCOLEGIO,NOMBRECOLEGIO) values ('4','San José');
Insert into COLEGIO (COCOLEGIO,NOMBRECOLEGIO) values ('5','Boyacá');
Insert into COLEGIO (COCOLEGIO,NOMBRECOLEGIO) values ('6','San Francisco');
Insert into COLEGIO (COCOLEGIO,NOMBRECOLEGIO) values ('99','Colegio UCC');
REM INSERTING into CURSO
SET DEFINE OFF;
Insert into CURSO (COGRA,LITERALCURSO,ANOACAD,CUPOEST,NOMBRECUR) values ('6','A','2015','30','Sexto A   ');
Insert into CURSO (COGRA,LITERALCURSO,ANOACAD,CUPOEST,NOMBRECUR) values ('6','B','2015','25','Sexto B   ');
Insert into CURSO (COGRA,LITERALCURSO,ANOACAD,CUPOEST,NOMBRECUR) values ('11','A','2020','14','Undecimo A');
Insert into CURSO (COGRA,LITERALCURSO,ANOACAD,CUPOEST,NOMBRECUR) values ('10','A','2020','14','Decima A  ');
Insert into CURSO (COGRA,LITERALCURSO,ANOACAD,CUPOEST,NOMBRECUR) values ('9','A','2020','14','Noveno A  ');
Insert into CURSO (COGRA,LITERALCURSO,ANOACAD,CUPOEST,NOMBRECUR) values ('8','A','2020','14','Octavo A  ');
Insert into CURSO (COGRA,LITERALCURSO,ANOACAD,CUPOEST,NOMBRECUR) values ('7','A','2020','14','Septimo A ');
Insert into CURSO (COGRA,LITERALCURSO,ANOACAD,CUPOEST,NOMBRECUR) values ('11','B','2020','14','Undecimo B');
REM INSERTING into ENTIDAD_BANCARIA
SET DEFINE OFF;
Insert into ENTIDAD_BANCARIA (COENTBAN,NOMBREENT,DIRECC) values ('1','BANCOLOMBIA','CARRERA 37');
Insert into ENTIDAD_BANCARIA (COENTBAN,NOMBREENT,DIRECC) values ('2','BANCOLOMBIA ESTACIÓN','ESTACIÓN PISO 2');
Insert into ENTIDAD_BANCARIA (COENTBAN,NOMBREENT,DIRECC) values ('3','BANCO OCCIDENTE','CARRERA 5');
Insert into ENTIDAD_BANCARIA (COENTBAN,NOMBREENT,DIRECC) values ('4','CITIBANK','EDIF FONTAINEBLEAU');
Insert into ENTIDAD_BANCARIA (COENTBAN,NOMBREENT,DIRECC) values ('5','COLPATRIA','CARRERA 3');
REM INSERTING into ESTUDIANTE
SET DEFINE OFF;
Insert into ESTUDIANTE (NUMDOC,TIPODOC,COEST,COCOLEGIO,COACUD,FECHANAC) values ('1','ti','1','1','1',to_date('25/06/03','DD/MM/RR'));
Insert into ESTUDIANTE (NUMDOC,TIPODOC,COEST,COCOLEGIO,COACUD,FECHANAC) values ('2','ti','2','1','2',to_date('20/05/04','DD/MM/RR'));
Insert into ESTUDIANTE (NUMDOC,TIPODOC,COEST,COCOLEGIO,COACUD,FECHANAC) values ('3','ti','3','2','1',to_date('15/06/03','DD/MM/RR'));
Insert into ESTUDIANTE (NUMDOC,TIPODOC,COEST,COCOLEGIO,COACUD,FECHANAC) values ('4','ti','4','2','1',to_date('18/01/04','DD/MM/RR'));
Insert into ESTUDIANTE (NUMDOC,TIPODOC,COEST,COCOLEGIO,COACUD,FECHANAC) values ('489364','cc','4893','99','1',to_date('11/07/99','DD/MM/RR'));
Insert into ESTUDIANTE (NUMDOC,TIPODOC,COEST,COCOLEGIO,COACUD,FECHANAC) values ('447902','cc','4479','99','1',to_date('17/03/99','DD/MM/RR'));
Insert into ESTUDIANTE (NUMDOC,TIPODOC,COEST,COCOLEGIO,COACUD,FECHANAC) values ('360930','cc','3609','99','1',to_date('18/07/98','DD/MM/RR'));
Insert into ESTUDIANTE (NUMDOC,TIPODOC,COEST,COCOLEGIO,COACUD,FECHANAC) values ('480515','cc','4805','99','1',to_date('16/06/99','DD/MM/RR'));
Insert into ESTUDIANTE (NUMDOC,TIPODOC,COEST,COCOLEGIO,COACUD,FECHANAC) values ('505137','cc','5051','99','1',to_date('24/08/99','DD/MM/RR'));
Insert into ESTUDIANTE (NUMDOC,TIPODOC,COEST,COCOLEGIO,COACUD,FECHANAC) values ('359888','cc','3598','99','1',to_date('15/07/98','DD/MM/RR'));
Insert into ESTUDIANTE (NUMDOC,TIPODOC,COEST,COCOLEGIO,COACUD,FECHANAC) values ('395880','cc','3958','99','1',to_date('24/10/98','DD/MM/RR'));
Insert into ESTUDIANTE (NUMDOC,TIPODOC,COEST,COCOLEGIO,COACUD,FECHANAC) values ('389117','cc','3891','99','1',to_date('05/10/98','DD/MM/RR'));
Insert into ESTUDIANTE (NUMDOC,TIPODOC,COEST,COCOLEGIO,COACUD,FECHANAC) values ('410911','cc','4109','99','1',to_date('04/12/98','DD/MM/RR'));
Insert into ESTUDIANTE (NUMDOC,TIPODOC,COEST,COCOLEGIO,COACUD,FECHANAC) values ('425836','cc','4258','99','1',to_date('15/01/99','DD/MM/RR'));
Insert into ESTUDIANTE (NUMDOC,TIPODOC,COEST,COCOLEGIO,COACUD,FECHANAC) values ('470218','cc','4702','99','1',to_date('18/05/99','DD/MM/RR'));
Insert into ESTUDIANTE (NUMDOC,TIPODOC,COEST,COCOLEGIO,COACUD,FECHANAC) values ('506935','cc','5069','99','1',to_date('29/08/99','DD/MM/RR'));
Insert into ESTUDIANTE (NUMDOC,TIPODOC,COEST,COCOLEGIO,COACUD,FECHANAC) values ('446887','cc','4468','99','1',to_date('15/03/99','DD/MM/RR'));
Insert into ESTUDIANTE (NUMDOC,TIPODOC,COEST,COCOLEGIO,COACUD,FECHANAC) values ('381594','cc','3815','99','1',to_date('14/09/98','DD/MM/RR'));
REM INSERTING into GRADO
SET DEFINE OFF;
Insert into GRADO (COGRA,NOMGRAD) values ('6','Sexto');
Insert into GRADO (COGRA,NOMGRAD) values ('7','Séptimo');
Insert into GRADO (COGRA,NOMGRAD) values ('8','Octavo');
Insert into GRADO (COGRA,NOMGRAD) values ('11','Undecimo');
Insert into GRADO (COGRA,NOMGRAD) values ('10','Decimo');
Insert into GRADO (COGRA,NOMGRAD) values ('9','Noveno');
REM INSERTING into MATRICULA
SET DEFINE OFF;
Insert into MATRICULA (NUMATR,COGRA,LITERALCURSO,ANOACAD,COEST,NUPAG,FECHAMATR,ESTADOFIN) values ('1','6','A','2015','1',null,to_date('15/01/15','DD/MM/RR'),'n');
Insert into MATRICULA (NUMATR,COGRA,LITERALCURSO,ANOACAD,COEST,NUPAG,FECHAMATR,ESTADOFIN) values ('2','6','A','2015','2',null,to_date('16/01/15','DD/MM/RR'),'n');
Insert into MATRICULA (NUMATR,COGRA,LITERALCURSO,ANOACAD,COEST,NUPAG,FECHAMATR,ESTADOFIN) values ('3','6','A','2015','3',null,to_date('16/01/15','DD/MM/RR'),'n');
Insert into MATRICULA (NUMATR,COGRA,LITERALCURSO,ANOACAD,COEST,NUPAG,FECHAMATR,ESTADOFIN) values ('4','11','A','2020','4893',null,to_date('28/06/20','DD/MM/RR'),'n');
Insert into MATRICULA (NUMATR,COGRA,LITERALCURSO,ANOACAD,COEST,NUPAG,FECHAMATR,ESTADOFIN) values ('5','11','A','2020','4479',null,to_date('28/06/20','DD/MM/RR'),'n');
Insert into MATRICULA (NUMATR,COGRA,LITERALCURSO,ANOACAD,COEST,NUPAG,FECHAMATR,ESTADOFIN) values ('6','11','A','2020','3609',null,to_date('28/06/20','DD/MM/RR'),'n');
Insert into MATRICULA (NUMATR,COGRA,LITERALCURSO,ANOACAD,COEST,NUPAG,FECHAMATR,ESTADOFIN) values ('7','11','A','2020','4805',null,to_date('28/06/20','DD/MM/RR'),'n');
Insert into MATRICULA (NUMATR,COGRA,LITERALCURSO,ANOACAD,COEST,NUPAG,FECHAMATR,ESTADOFIN) values ('8','11','A','2020','5051',null,to_date('28/06/20','DD/MM/RR'),'n');
Insert into MATRICULA (NUMATR,COGRA,LITERALCURSO,ANOACAD,COEST,NUPAG,FECHAMATR,ESTADOFIN) values ('9','11','A','2020','3598',null,to_date('28/06/20','DD/MM/RR'),'n');
Insert into MATRICULA (NUMATR,COGRA,LITERALCURSO,ANOACAD,COEST,NUPAG,FECHAMATR,ESTADOFIN) values ('10','11','A','2020','3958',null,to_date('28/06/20','DD/MM/RR'),'n');
Insert into MATRICULA (NUMATR,COGRA,LITERALCURSO,ANOACAD,COEST,NUPAG,FECHAMATR,ESTADOFIN) values ('11','11','A','2020','3891',null,to_date('28/06/20','DD/MM/RR'),'n');
Insert into MATRICULA (NUMATR,COGRA,LITERALCURSO,ANOACAD,COEST,NUPAG,FECHAMATR,ESTADOFIN) values ('12','11','A','2020','4109',null,to_date('28/06/20','DD/MM/RR'),'n');
Insert into MATRICULA (NUMATR,COGRA,LITERALCURSO,ANOACAD,COEST,NUPAG,FECHAMATR,ESTADOFIN) values ('13','11','A','2020','4258',null,to_date('28/06/20','DD/MM/RR'),'n');
Insert into MATRICULA (NUMATR,COGRA,LITERALCURSO,ANOACAD,COEST,NUPAG,FECHAMATR,ESTADOFIN) values ('14','11','A','2020','4702',null,to_date('28/06/20','DD/MM/RR'),'n');
Insert into MATRICULA (NUMATR,COGRA,LITERALCURSO,ANOACAD,COEST,NUPAG,FECHAMATR,ESTADOFIN) values ('15','11','A','2020','5069',null,to_date('28/06/20','DD/MM/RR'),'n');
Insert into MATRICULA (NUMATR,COGRA,LITERALCURSO,ANOACAD,COEST,NUPAG,FECHAMATR,ESTADOFIN) values ('16','11','A','2020','4468',null,to_date('28/06/20','DD/MM/RR'),'n');
Insert into MATRICULA (NUMATR,COGRA,LITERALCURSO,ANOACAD,COEST,NUPAG,FECHAMATR,ESTADOFIN) values ('17','11','A','2020','3815',null,to_date('28/06/20','DD/MM/RR'),'n');
REM INSERTING into MUNICIPIO
SET DEFINE OFF;
Insert into MUNICIPIO (COMUN,NOMUN) values ('100','IBAGUÉ');
Insert into MUNICIPIO (COMUN,NOMUN) values ('200','ESPINAL');
Insert into MUNICIPIO (COMUN,NOMUN) values ('300','HONDA');
Insert into MUNICIPIO (COMUN,NOMUN) values ('310','MARIQUITA');
Insert into MUNICIPIO (COMUN,NOMUN) values ('210','CHAPARRAL');
REM INSERTING into PAGO
SET DEFINE OFF;
Insert into PAGO (NUPAG,COENTBAN,NUMATR,FECHAPAG,VALORPAG,ESTADOPAGO) values ('1','1','1',to_date('10/06/15','DD/MM/RR'),'20000','P');
Insert into PAGO (NUPAG,COENTBAN,NUMATR,FECHAPAG,VALORPAG,ESTADOPAGO) values ('2','4','2',to_date('10/06/15','DD/MM/RR'),'50000','P');
Insert into PAGO (NUPAG,COENTBAN,NUMATR,FECHAPAG,VALORPAG,ESTADOPAGO) values ('3','1','3',to_date('11/06/15','DD/MM/RR'),'50000','P');
Insert into PAGO (NUPAG,COENTBAN,NUMATR,FECHAPAG,VALORPAG,ESTADOPAGO) values ('4','4','1',to_date('28/01/20','DD/MM/RR'),'255000','P');
Insert into PAGO (NUPAG,COENTBAN,NUMATR,FECHAPAG,VALORPAG,ESTADOPAGO) values ('5','5','2',to_date('28/06/20','DD/MM/RR'),'250000','P');
Insert into PAGO (NUPAG,COENTBAN,NUMATR,FECHAPAG,VALORPAG,ESTADOPAGO) values ('6','1','3',to_date('28/06/20','DD/MM/RR'),'250000','P');
Insert into PAGO (NUPAG,COENTBAN,NUMATR,FECHAPAG,VALORPAG,ESTADOPAGO) values ('7','2','4',to_date('28/02/20','DD/MM/RR'),'250000','P');
Insert into PAGO (NUPAG,COENTBAN,NUMATR,FECHAPAG,VALORPAG,ESTADOPAGO) values ('8','3','5',to_date('28/06/20','DD/MM/RR'),'250000','P');
Insert into PAGO (NUPAG,COENTBAN,NUMATR,FECHAPAG,VALORPAG,ESTADOPAGO) values ('9','4','6',to_date('26/05/20','DD/MM/RR'),'260000','P');
Insert into PAGO (NUPAG,COENTBAN,NUMATR,FECHAPAG,VALORPAG,ESTADOPAGO) values ('10','5','7',to_date('28/06/20','DD/MM/RR'),'250000','P');
Insert into PAGO (NUPAG,COENTBAN,NUMATR,FECHAPAG,VALORPAG,ESTADOPAGO) values ('11','1','8',to_date('28/02/20','DD/MM/RR'),'250000','P');
Insert into PAGO (NUPAG,COENTBAN,NUMATR,FECHAPAG,VALORPAG,ESTADOPAGO) values ('12','2','9',to_date('28/02/20','DD/MM/RR'),'250000','P');
Insert into PAGO (NUPAG,COENTBAN,NUMATR,FECHAPAG,VALORPAG,ESTADOPAGO) values ('13','3','10',to_date('28/02/20','DD/MM/RR'),'250000','P');
Insert into PAGO (NUPAG,COENTBAN,NUMATR,FECHAPAG,VALORPAG,ESTADOPAGO) values ('14','4','11',to_date('27/05/20','DD/MM/RR'),'260000','P');
Insert into PAGO (NUPAG,COENTBAN,NUMATR,FECHAPAG,VALORPAG,ESTADOPAGO) values ('15','5','12',to_date('28/03/20','DD/MM/RR'),'250000','P');
Insert into PAGO (NUPAG,COENTBAN,NUMATR,FECHAPAG,VALORPAG,ESTADOPAGO) values ('16','1','13',to_date('28/03/20','DD/MM/RR'),'250000','P');
Insert into PAGO (NUPAG,COENTBAN,NUMATR,FECHAPAG,VALORPAG,ESTADOPAGO) values ('17','2','14',to_date('28/03/20','DD/MM/RR'),'240000','P');
Insert into PAGO (NUPAG,COENTBAN,NUMATR,FECHAPAG,VALORPAG,ESTADOPAGO) values ('18','3','15',to_date('28/03/20','DD/MM/RR'),'250000','P');
Insert into PAGO (NUPAG,COENTBAN,NUMATR,FECHAPAG,VALORPAG,ESTADOPAGO) values ('19','4','16',to_date('28/05/20','DD/MM/RR'),'255000','P');
Insert into PAGO (NUPAG,COENTBAN,NUMATR,FECHAPAG,VALORPAG,ESTADOPAGO) values ('20','5','17',to_date('28/05/20','DD/MM/RR'),'255000','P');
REM INSERTING into PERSONA
SET DEFINE OFF;
Insert into PERSONA (NUMDOC,TIPODOC,TIPOPERSONA,APELLIDO3,NOMBRE3,GENERO3) values ('12','cc','ac','MARTÍNEZ','PEDRO','M');
Insert into PERSONA (NUMDOC,TIPODOC,TIPOPERSONA,APELLIDO3,NOMBRE3,GENERO3) values ('1','cc','pr','RODRÍGUEZ','JULIAN','M');
Insert into PERSONA (NUMDOC,TIPODOC,TIPOPERSONA,APELLIDO3,NOMBRE3,GENERO3) values ('3','ti','es','MARTÍNEZ ','CARLOS','M');
Insert into PERSONA (NUMDOC,TIPODOC,TIPOPERSONA,APELLIDO3,NOMBRE3,GENERO3) values ('4','ti','es','MARTÍNEZ','LILIANA','F');
Insert into PERSONA (NUMDOC,TIPODOC,TIPOPERSONA,APELLIDO3,NOMBRE3,GENERO3) values ('1','ti','es','RODRÍGUEZ','MARINA','F');
Insert into PERSONA (NUMDOC,TIPODOC,TIPOPERSONA,APELLIDO3,NOMBRE3,GENERO3) values ('2','cc','pr','AYALA','RAMON','M');
Insert into PERSONA (NUMDOC,TIPODOC,TIPOPERSONA,APELLIDO3,NOMBRE3,GENERO3) values ('100','cc','ac','CASTRO','HILDA','F');
Insert into PERSONA (NUMDOC,TIPODOC,TIPOPERSONA,APELLIDO3,NOMBRE3,GENERO3) values ('2','ti','es','PEREZ','GUSTAVO','M');
Insert into PERSONA (NUMDOC,TIPODOC,TIPOPERSONA,APELLIDO3,NOMBRE3,GENERO3) values ('101','cc','ac','ROJAS','PEDRO','M');
Insert into PERSONA (NUMDOC,TIPODOC,TIPOPERSONA,APELLIDO3,NOMBRE3,GENERO3) values ('3','cc','pr','RUBIO','ESTELLA','F');
Insert into PERSONA (NUMDOC,TIPODOC,TIPOPERSONA,APELLIDO3,NOMBRE3,GENERO3) values ('489364','cc','es','Bonilla Guzman',' Nestor Alejandro','M');
Insert into PERSONA (NUMDOC,TIPODOC,TIPOPERSONA,APELLIDO3,NOMBRE3,GENERO3) values ('447902','cc','es','Aguirre Diaz',' Oscar Alberto','M');
Insert into PERSONA (NUMDOC,TIPODOC,TIPOPERSONA,APELLIDO3,NOMBRE3,GENERO3) values ('360930','cc','es','Botero Barrero',' Ivan Dario','M');
Insert into PERSONA (NUMDOC,TIPODOC,TIPOPERSONA,APELLIDO3,NOMBRE3,GENERO3) values ('480515','cc','es','Cespedes Molano',' Noel Fabricio','M');
Insert into PERSONA (NUMDOC,TIPODOC,TIPOPERSONA,APELLIDO3,NOMBRE3,GENERO3) values ('505137','cc','es','Guzman Rojas',' Juan Carlos','M');
Insert into PERSONA (NUMDOC,TIPODOC,TIPOPERSONA,APELLIDO3,NOMBRE3,GENERO3) values ('359888','cc','es','Lemus Vina',' Manuel Felipe','M');
Insert into PERSONA (NUMDOC,TIPODOC,TIPOPERSONA,APELLIDO3,NOMBRE3,GENERO3) values ('395880','cc','es','Morales Montoya',' Brahyan Gustavo','M');
Insert into PERSONA (NUMDOC,TIPODOC,TIPOPERSONA,APELLIDO3,NOMBRE3,GENERO3) values ('280180','cc','pr','PACHECO CASADIEGO',' JORGE ','M');
Insert into PERSONA (NUMDOC,TIPODOC,TIPOPERSONA,APELLIDO3,NOMBRE3,GENERO3) values ('389117','cc','es','Reyes Parra',' Nelson Javier','M');
Insert into PERSONA (NUMDOC,TIPODOC,TIPOPERSONA,APELLIDO3,NOMBRE3,GENERO3) values ('410911','cc','es','Rivera Sabogal',' Julian Felipe','M');
Insert into PERSONA (NUMDOC,TIPODOC,TIPOPERSONA,APELLIDO3,NOMBRE3,GENERO3) values ('425836','cc','es','Rodriguez Mogollon',' Juan Sebastian','M');
Insert into PERSONA (NUMDOC,TIPODOC,TIPOPERSONA,APELLIDO3,NOMBRE3,GENERO3) values ('470218','cc','es','Rodriguez Rivera',' Yeiderson','M');
Insert into PERSONA (NUMDOC,TIPODOC,TIPOPERSONA,APELLIDO3,NOMBRE3,GENERO3) values ('506935','cc','es','Saez Castro',' Yisel Del Carmen','F');
Insert into PERSONA (NUMDOC,TIPODOC,TIPOPERSONA,APELLIDO3,NOMBRE3,GENERO3) values ('446887','cc','es','Suarez Romero',' Juan Jose','M');
Insert into PERSONA (NUMDOC,TIPODOC,TIPOPERSONA,APELLIDO3,NOMBRE3,GENERO3) values ('381594','cc','es','Villanueva Hernandez',' Sergio Aramis','M');
REM INSERTING into PROFESOR
SET DEFINE OFF;
Insert into PROFESOR (NUMDOC,TIPODOC,COPROF,IDTITULO,PRO_COPROF,IDCARGO,FECHAINGRESO) values ('1','cc','1','5         ',null,'6',to_date('10/01/00','DD/MM/RR'));
Insert into PROFESOR (NUMDOC,TIPODOC,COPROF,IDTITULO,PRO_COPROF,IDCARGO,FECHAINGRESO) values ('2','cc','2','6         ',null,'5',to_date('20/02/05','DD/MM/RR'));
Insert into PROFESOR (NUMDOC,TIPODOC,COPROF,IDTITULO,PRO_COPROF,IDCARGO,FECHAINGRESO) values ('3','cc','3','1         ',null,'5',to_date('15/07/12','DD/MM/RR'));
Insert into PROFESOR (NUMDOC,TIPODOC,COPROF,IDTITULO,PRO_COPROF,IDCARGO,FECHAINGRESO) values ('280180','cc','4','1         ',null,'4',to_date('01/06/20','DD/MM/RR'));
REM INSERTING into TITULOPROF
SET DEFINE OFF;
Insert into TITULOPROF (IDTITULO,TITULOPROF2) values ('1         ','INGENIERO');
Insert into TITULOPROF (IDTITULO,TITULOPROF2) values ('2         ','ABOGADO');
Insert into TITULOPROF (IDTITULO,TITULOPROF2) values ('3         ','MÉDICO');
Insert into TITULOPROF (IDTITULO,TITULOPROF2) values ('4         ','ODONTOLOGO');
Insert into TITULOPROF (IDTITULO,TITULOPROF2) values ('5         ','LICENCIADO MATEMATICAS');
Insert into TITULOPROF (IDTITULO,TITULOPROF2) values ('6         ','LICENCIADO SOCIALES');
Insert into TITULOPROF (IDTITULO,TITULOPROF2) values ('7         ','LICENCIADO IDIOMAS');
Insert into TITULOPROF (IDTITULO,TITULOPROF2) values ('8         ','LICENCIADO FÍSICA');
--------------------------------------------------------
--  DDL for Index PK_MATRICULA
--------------------------------------------------------

  CREATE UNIQUE INDEX "PK_MATRICULA" ON "MATRICULA" ("NUMATR") 
  PCTFREE 10 INITRANS 2 MAXTRANS 255 COMPUTE STATISTICS 
  STORAGE(INITIAL 65536 NEXT 1048576 MINEXTENTS 1 MAXEXTENTS 2147483645
  PCTINCREASE 0 FREELISTS 1 FREELIST GROUPS 1
  BUFFER_POOL DEFAULT FLASH_CACHE DEFAULT CELL_FLASH_CACHE DEFAULT)
  TABLESPACE "SYSTEM" ;
--------------------------------------------------------
--  DDL for Index CORRESPONDE3_FK
--------------------------------------------------------

  CREATE INDEX "CORRESPONDE3_FK" ON "MATRICULA" ("NUPAG") 
  PCTFREE 10 INITRANS 2 MAXTRANS 255 COMPUTE STATISTICS 
  STORAGE(INITIAL 65536 NEXT 1048576 MINEXTENTS 1 MAXEXTENTS 2147483645
  PCTINCREASE 0 FREELISTS 1 FREELIST GROUPS 1
  BUFFER_POOL DEFAULT FLASH_CACHE DEFAULT CELL_FLASH_CACHE DEFAULT)
  TABLESPACE "SYSTEM" ;
--------------------------------------------------------
--  DDL for Index ES_ORIENTADA3_FK
--------------------------------------------------------

  CREATE INDEX "ES_ORIENTADA3_FK" ON "CARGA_ACAD" ("COASIG") 
  PCTFREE 10 INITRANS 2 MAXTRANS 255 COMPUTE STATISTICS 
  STORAGE(INITIAL 65536 NEXT 1048576 MINEXTENTS 1 MAXEXTENTS 2147483645
  PCTINCREASE 0 FREELISTS 1 FREELIST GROUPS 1
  BUFFER_POOL DEFAULT FLASH_CACHE DEFAULT CELL_FLASH_CACHE DEFAULT)
  TABLESPACE "SYSTEM" ;
--------------------------------------------------------
--  DDL for Index RECIBE_FK
--------------------------------------------------------

  CREATE INDEX "RECIBE_FK" ON "PAGO" ("COENTBAN") 
  PCTFREE 10 INITRANS 2 MAXTRANS 255 COMPUTE STATISTICS 
  STORAGE(INITIAL 65536 NEXT 1048576 MINEXTENTS 1 MAXEXTENTS 2147483645
  PCTINCREASE 0 FREELISTS 1 FREELIST GROUPS 1
  BUFFER_POOL DEFAULT FLASH_CACHE DEFAULT CELL_FLASH_CACHE DEFAULT)
  TABLESPACE "SYSTEM" ;
--------------------------------------------------------
--  DDL for Index CORRESPONDE4_FK
--------------------------------------------------------

  CREATE INDEX "CORRESPONDE4_FK" ON "PAGO" ("NUMATR") 
  PCTFREE 10 INITRANS 2 MAXTRANS 255 COMPUTE STATISTICS 
  STORAGE(INITIAL 65536 NEXT 1048576 MINEXTENTS 1 MAXEXTENTS 2147483645
  PCTINCREASE 0 FREELISTS 1 FREELIST GROUPS 1
  BUFFER_POOL DEFAULT FLASH_CACHE DEFAULT CELL_FLASH_CACHE DEFAULT)
  TABLESPACE "SYSTEM" ;
--------------------------------------------------------
--  DDL for Index PK_ASIGNATURA
--------------------------------------------------------

  CREATE UNIQUE INDEX "PK_ASIGNATURA" ON "ASIGNATURA" ("COASIG") 
  PCTFREE 10 INITRANS 2 MAXTRANS 255 COMPUTE STATISTICS 
  STORAGE(INITIAL 65536 NEXT 1048576 MINEXTENTS 1 MAXEXTENTS 2147483645
  PCTINCREASE 0 FREELISTS 1 FREELIST GROUPS 1
  BUFFER_POOL DEFAULT FLASH_CACHE DEFAULT CELL_FLASH_CACHE DEFAULT)
  TABLESPACE "SYSTEM" ;
--------------------------------------------------------
--  DDL for Index PK_ESTUDIANTE
--------------------------------------------------------

  CREATE UNIQUE INDEX "PK_ESTUDIANTE" ON "ESTUDIANTE" ("COEST") 
  PCTFREE 10 INITRANS 2 MAXTRANS 255 COMPUTE STATISTICS 
  STORAGE(INITIAL 65536 NEXT 1048576 MINEXTENTS 1 MAXEXTENTS 2147483645
  PCTINCREASE 0 FREELISTS 1 FREELIST GROUPS 1
  BUFFER_POOL DEFAULT FLASH_CACHE DEFAULT CELL_FLASH_CACHE DEFAULT)
  TABLESPACE "SYSTEM" ;
--------------------------------------------------------
--  DDL for Index PK_PAGO
--------------------------------------------------------

  CREATE UNIQUE INDEX "PK_PAGO" ON "PAGO" ("NUPAG") 
  PCTFREE 10 INITRANS 2 MAXTRANS 255 COMPUTE STATISTICS 
  STORAGE(INITIAL 65536 NEXT 1048576 MINEXTENTS 1 MAXEXTENTS 2147483645
  PCTINCREASE 0 FREELISTS 1 FREELIST GROUPS 1
  BUFFER_POOL DEFAULT FLASH_CACHE DEFAULT CELL_FLASH_CACHE DEFAULT)
  TABLESPACE "SYSTEM" ;
--------------------------------------------------------
--  DDL for Index ES_FK
--------------------------------------------------------

  CREATE INDEX "ES_FK" ON "ESTUDIANTE" ("NUMDOC", "TIPODOC") 
  PCTFREE 10 INITRANS 2 MAXTRANS 255 COMPUTE STATISTICS 
  STORAGE(INITIAL 65536 NEXT 1048576 MINEXTENTS 1 MAXEXTENTS 2147483645
  PCTINCREASE 0 FREELISTS 1 FREELIST GROUPS 1
  BUFFER_POOL DEFAULT FLASH_CACHE DEFAULT CELL_FLASH_CACHE DEFAULT)
  TABLESPACE "SYSTEM" ;
--------------------------------------------------------
--  DDL for Index PK_GRADO
--------------------------------------------------------

  CREATE UNIQUE INDEX "PK_GRADO" ON "GRADO" ("COGRA") 
  PCTFREE 10 INITRANS 2 MAXTRANS 255 COMPUTE STATISTICS 
  STORAGE(INITIAL 65536 NEXT 1048576 MINEXTENTS 1 MAXEXTENTS 2147483645
  PCTINCREASE 0 FREELISTS 1 FREELIST GROUPS 1
  BUFFER_POOL DEFAULT FLASH_CACHE DEFAULT CELL_FLASH_CACHE DEFAULT)
  TABLESPACE "SYSTEM" ;
--------------------------------------------------------
--  DDL for Index PK_PROFESOR
--------------------------------------------------------

  CREATE UNIQUE INDEX "PK_PROFESOR" ON "PROFESOR" ("COPROF") 
  PCTFREE 10 INITRANS 2 MAXTRANS 255 COMPUTE STATISTICS 
  STORAGE(INITIAL 65536 NEXT 1048576 MINEXTENTS 1 MAXEXTENTS 2147483645
  PCTINCREASE 0 FREELISTS 1 FREELIST GROUPS 1
  BUFFER_POOL DEFAULT FLASH_CACHE DEFAULT CELL_FLASH_CACHE DEFAULT)
  TABLESPACE "SYSTEM" ;
--------------------------------------------------------
--  DDL for Index RESPONDE3_FK
--------------------------------------------------------

  CREATE INDEX "RESPONDE3_FK" ON "ESTUDIANTE" ("COACUD") 
  PCTFREE 10 INITRANS 2 MAXTRANS 255 COMPUTE STATISTICS 
  STORAGE(INITIAL 65536 NEXT 1048576 MINEXTENTS 1 MAXEXTENTS 2147483645
  PCTINCREASE 0 FREELISTS 1 FREELIST GROUPS 1
  BUFFER_POOL DEFAULT FLASH_CACHE DEFAULT CELL_FLASH_CACHE DEFAULT)
  TABLESPACE "SYSTEM" ;
--------------------------------------------------------
--  DDL for Index PK_CARGA_ACAD
--------------------------------------------------------

  CREATE UNIQUE INDEX "PK_CARGA_ACAD" ON "CARGA_ACAD" ("IDCARGA") 
  PCTFREE 10 INITRANS 2 MAXTRANS 255 COMPUTE STATISTICS 
  STORAGE(INITIAL 65536 NEXT 1048576 MINEXTENTS 1 MAXEXTENTS 2147483645
  PCTINCREASE 0 FREELISTS 1 FREELIST GROUPS 1
  BUFFER_POOL DEFAULT FLASH_CACHE DEFAULT CELL_FLASH_CACHE DEFAULT)
  TABLESPACE "SYSTEM" ;
--------------------------------------------------------
--  DDL for Index TIENE1_FK
--------------------------------------------------------

  CREATE INDEX "TIENE1_FK" ON "PROFESOR" ("IDTITULO") 
  PCTFREE 10 INITRANS 2 MAXTRANS 255 COMPUTE STATISTICS 
  STORAGE(INITIAL 65536 NEXT 1048576 MINEXTENTS 1 MAXEXTENTS 2147483645
  PCTINCREASE 0 FREELISTS 1 FREELIST GROUPS 1
  BUFFER_POOL DEFAULT FLASH_CACHE DEFAULT CELL_FLASH_CACHE DEFAULT)
  TABLESPACE "SYSTEM" ;
--------------------------------------------------------
--  DDL for Index ES3_FK
--------------------------------------------------------

  CREATE INDEX "ES3_FK" ON "PROFESOR" ("NUMDOC", "TIPODOC") 
  PCTFREE 10 INITRANS 2 MAXTRANS 255 COMPUTE STATISTICS 
  STORAGE(INITIAL 65536 NEXT 1048576 MINEXTENTS 1 MAXEXTENTS 2147483645
  PCTINCREASE 0 FREELISTS 1 FREELIST GROUPS 1
  BUFFER_POOL DEFAULT FLASH_CACHE DEFAULT CELL_FLASH_CACHE DEFAULT)
  TABLESPACE "SYSTEM" ;
--------------------------------------------------------
--  DDL for Index CORDINA_FK
--------------------------------------------------------

  CREATE INDEX "CORDINA_FK" ON "PROFESOR" ("PRO_COPROF") 
  PCTFREE 10 INITRANS 2 MAXTRANS 255 COMPUTE STATISTICS 
  STORAGE(INITIAL 65536 NEXT 1048576 MINEXTENTS 1 MAXEXTENTS 2147483645
  PCTINCREASE 0 FREELISTS 1 FREELIST GROUPS 1
  BUFFER_POOL DEFAULT FLASH_CACHE DEFAULT CELL_FLASH_CACHE DEFAULT)
  TABLESPACE "SYSTEM" ;
--------------------------------------------------------
--  DDL for Index SE_LE_ASIGNA3_FK
--------------------------------------------------------

  CREATE INDEX "SE_LE_ASIGNA3_FK" ON "CARGA_ACAD" ("COPROF") 
  PCTFREE 10 INITRANS 2 MAXTRANS 255 COMPUTE STATISTICS 
  STORAGE(INITIAL 65536 NEXT 1048576 MINEXTENTS 1 MAXEXTENTS 2147483645
  PCTINCREASE 0 FREELISTS 1 FREELIST GROUPS 1
  BUFFER_POOL DEFAULT FLASH_CACHE DEFAULT CELL_FLASH_CACHE DEFAULT)
  TABLESPACE "SYSTEM" ;
--------------------------------------------------------
--  DDL for Index PK_CARGO
--------------------------------------------------------

  CREATE UNIQUE INDEX "PK_CARGO" ON "CARGO" ("IDCARGO") 
  PCTFREE 10 INITRANS 2 MAXTRANS 255 COMPUTE STATISTICS 
  STORAGE(INITIAL 65536 NEXT 1048576 MINEXTENTS 1 MAXEXTENTS 2147483645
  PCTINCREASE 0 FREELISTS 1 FREELIST GROUPS 1
  BUFFER_POOL DEFAULT FLASH_CACHE DEFAULT CELL_FLASH_CACHE DEFAULT)
  TABLESPACE "SYSTEM" ;
--------------------------------------------------------
--  DDL for Index PK_ACUDIENTE
--------------------------------------------------------

  CREATE UNIQUE INDEX "PK_ACUDIENTE" ON "ACUDIENTE" ("COACUD") 
  PCTFREE 10 INITRANS 2 MAXTRANS 255 COMPUTE STATISTICS 
  STORAGE(INITIAL 65536 NEXT 1048576 MINEXTENTS 1 MAXEXTENTS 2147483645
  PCTINCREASE 0 FREELISTS 1 FREELIST GROUPS 1
  BUFFER_POOL DEFAULT FLASH_CACHE DEFAULT CELL_FLASH_CACHE DEFAULT)
  TABLESPACE "SYSTEM" ;
--------------------------------------------------------
--  DDL for Index REGISTRA3_FK
--------------------------------------------------------

  CREATE INDEX "REGISTRA3_FK" ON "MATRICULA" ("COEST") 
  PCTFREE 10 INITRANS 2 MAXTRANS 255 COMPUTE STATISTICS 
  STORAGE(INITIAL 65536 NEXT 1048576 MINEXTENTS 1 MAXEXTENTS 2147483645
  PCTINCREASE 0 FREELISTS 1 FREELIST GROUPS 1
  BUFFER_POOL DEFAULT FLASH_CACHE DEFAULT CELL_FLASH_CACHE DEFAULT)
  TABLESPACE "SYSTEM" ;
--------------------------------------------------------
--  DDL for Index ULTIMOCARGO_FK
--------------------------------------------------------

  CREATE INDEX "ULTIMOCARGO_FK" ON "PROFESOR" ("IDCARGO") 
  PCTFREE 10 INITRANS 2 MAXTRANS 255 COMPUTE STATISTICS 
  STORAGE(INITIAL 65536 NEXT 1048576 MINEXTENTS 1 MAXEXTENTS 2147483645
  PCTINCREASE 0 FREELISTS 1 FREELIST GROUPS 1
  BUFFER_POOL DEFAULT FLASH_CACHE DEFAULT CELL_FLASH_CACHE DEFAULT)
  TABLESPACE "SYSTEM" ;
--------------------------------------------------------
--  DDL for Index RESIDEN_FK
--------------------------------------------------------

  CREATE INDEX "RESIDEN_FK" ON "ACUDIENTE" ("COMUN") 
  PCTFREE 10 INITRANS 2 MAXTRANS 255 COMPUTE STATISTICS 
  STORAGE(INITIAL 65536 NEXT 1048576 MINEXTENTS 1 MAXEXTENTS 2147483645
  PCTINCREASE 0 FREELISTS 1 FREELIST GROUPS 1
  BUFFER_POOL DEFAULT FLASH_CACHE DEFAULT CELL_FLASH_CACHE DEFAULT)
  TABLESPACE "SYSTEM" ;
--------------------------------------------------------
--  DDL for Index REFERENCIA3_FK
--------------------------------------------------------

  CREATE INDEX "REFERENCIA3_FK" ON "MATRICULA" ("COGRA", "LITERALCURSO", "ANOACAD") 
  PCTFREE 10 INITRANS 2 MAXTRANS 255 COMPUTE STATISTICS 
  STORAGE(INITIAL 65536 NEXT 1048576 MINEXTENTS 1 MAXEXTENTS 2147483645
  PCTINCREASE 0 FREELISTS 1 FREELIST GROUPS 1
  BUFFER_POOL DEFAULT FLASH_CACHE DEFAULT CELL_FLASH_CACHE DEFAULT)
  TABLESPACE "SYSTEM" ;
--------------------------------------------------------
--  DDL for Index PK_COLEGIO
--------------------------------------------------------

  CREATE UNIQUE INDEX "PK_COLEGIO" ON "COLEGIO" ("COCOLEGIO") 
  PCTFREE 10 INITRANS 2 MAXTRANS 255 COMPUTE STATISTICS 
  STORAGE(INITIAL 65536 NEXT 1048576 MINEXTENTS 1 MAXEXTENTS 2147483645
  PCTINCREASE 0 FREELISTS 1 FREELIST GROUPS 1
  BUFFER_POOL DEFAULT FLASH_CACHE DEFAULT CELL_FLASH_CACHE DEFAULT)
  TABLESPACE "SYSTEM" ;
--------------------------------------------------------
--  DDL for Index ESTUDIO_FK
--------------------------------------------------------

  CREATE INDEX "ESTUDIO_FK" ON "ESTUDIANTE" ("COCOLEGIO") 
  PCTFREE 10 INITRANS 2 MAXTRANS 255 COMPUTE STATISTICS 
  STORAGE(INITIAL 65536 NEXT 1048576 MINEXTENTS 1 MAXEXTENTS 2147483645
  PCTINCREASE 0 FREELISTS 1 FREELIST GROUPS 1
  BUFFER_POOL DEFAULT FLASH_CACHE DEFAULT CELL_FLASH_CACHE DEFAULT)
  TABLESPACE "SYSTEM" ;
--------------------------------------------------------
--  DDL for Index PK_MUNICIPIO
--------------------------------------------------------

  CREATE UNIQUE INDEX "PK_MUNICIPIO" ON "MUNICIPIO" ("COMUN") 
  PCTFREE 10 INITRANS 2 MAXTRANS 255 COMPUTE STATISTICS 
  STORAGE(INITIAL 65536 NEXT 1048576 MINEXTENTS 1 MAXEXTENTS 2147483645
  PCTINCREASE 0 FREELISTS 1 FREELIST GROUPS 1
  BUFFER_POOL DEFAULT FLASH_CACHE DEFAULT CELL_FLASH_CACHE DEFAULT)
  TABLESPACE "SYSTEM" ;
--------------------------------------------------------
--  DDL for Index PK_ENTIDAD_BANCARIA
--------------------------------------------------------

  CREATE UNIQUE INDEX "PK_ENTIDAD_BANCARIA" ON "ENTIDAD_BANCARIA" ("COENTBAN") 
  PCTFREE 10 INITRANS 2 MAXTRANS 255 COMPUTE STATISTICS 
  STORAGE(INITIAL 65536 NEXT 1048576 MINEXTENTS 1 MAXEXTENTS 2147483645
  PCTINCREASE 0 FREELISTS 1 FREELIST GROUPS 1
  BUFFER_POOL DEFAULT FLASH_CACHE DEFAULT CELL_FLASH_CACHE DEFAULT)
  TABLESPACE "SYSTEM" ;
--------------------------------------------------------
--  DDL for Index TIENE3_FK
--------------------------------------------------------

  CREATE INDEX "TIENE3_FK" ON "CURSO" ("COGRA") 
  PCTFREE 10 INITRANS 2 MAXTRANS 255 COMPUTE STATISTICS 
  STORAGE(INITIAL 65536 NEXT 1048576 MINEXTENTS 1 MAXEXTENTS 2147483645
  PCTINCREASE 0 FREELISTS 1 FREELIST GROUPS 1
  BUFFER_POOL DEFAULT FLASH_CACHE DEFAULT CELL_FLASH_CACHE DEFAULT)
  TABLESPACE "SYSTEM" ;
--------------------------------------------------------
--  DDL for Index ES2_FK
--------------------------------------------------------

  CREATE INDEX "ES2_FK" ON "ACUDIENTE" ("NUMDOC", "TIPODOC") 
  PCTFREE 10 INITRANS 2 MAXTRANS 255 COMPUTE STATISTICS 
  STORAGE(INITIAL 65536 NEXT 1048576 MINEXTENTS 1 MAXEXTENTS 2147483645
  PCTINCREASE 0 FREELISTS 1 FREELIST GROUPS 1
  BUFFER_POOL DEFAULT FLASH_CACHE DEFAULT CELL_FLASH_CACHE DEFAULT)
  TABLESPACE "SYSTEM" ;
--------------------------------------------------------
--  DDL for Index SE_DESARROLLA3_FK
--------------------------------------------------------

  CREATE INDEX "SE_DESARROLLA3_FK" ON "CARGA_ACAD" ("COGRA", "LITERALCURSO", "ANOACAD") 
  PCTFREE 10 INITRANS 2 MAXTRANS 255 COMPUTE STATISTICS 
  STORAGE(INITIAL 65536 NEXT 1048576 MINEXTENTS 1 MAXEXTENTS 2147483645
  PCTINCREASE 0 FREELISTS 1 FREELIST GROUPS 1
  BUFFER_POOL DEFAULT FLASH_CACHE DEFAULT CELL_FLASH_CACHE DEFAULT)
  TABLESPACE "SYSTEM" ;
--------------------------------------------------------
--  DDL for Index PK_CURSO
--------------------------------------------------------

  CREATE UNIQUE INDEX "PK_CURSO" ON "CURSO" ("COGRA", "LITERALCURSO", "ANOACAD") 
  PCTFREE 10 INITRANS 2 MAXTRANS 255 COMPUTE STATISTICS 
  STORAGE(INITIAL 65536 NEXT 1048576 MINEXTENTS 1 MAXEXTENTS 2147483645
  PCTINCREASE 0 FREELISTS 1 FREELIST GROUPS 1
  BUFFER_POOL DEFAULT FLASH_CACHE DEFAULT CELL_FLASH_CACHE DEFAULT)
  TABLESPACE "SYSTEM" ;
--------------------------------------------------------
--  DDL for Index PK_TITULOPROF
--------------------------------------------------------

  CREATE UNIQUE INDEX "PK_TITULOPROF" ON "TITULOPROF" ("IDTITULO") 
  PCTFREE 10 INITRANS 2 MAXTRANS 255 COMPUTE STATISTICS 
  STORAGE(INITIAL 65536 NEXT 1048576 MINEXTENTS 1 MAXEXTENTS 2147483645
  PCTINCREASE 0 FREELISTS 1 FREELIST GROUPS 1
  BUFFER_POOL DEFAULT FLASH_CACHE DEFAULT CELL_FLASH_CACHE DEFAULT)
  TABLESPACE "SYSTEM" ;
--------------------------------------------------------
--  DDL for Index PK_PERSONA
--------------------------------------------------------

  CREATE UNIQUE INDEX "PK_PERSONA" ON "PERSONA" ("NUMDOC", "TIPODOC") 
  PCTFREE 10 INITRANS 2 MAXTRANS 255 COMPUTE STATISTICS 
  STORAGE(INITIAL 65536 NEXT 1048576 MINEXTENTS 1 MAXEXTENTS 2147483645
  PCTINCREASE 0 FREELISTS 1 FREELIST GROUPS 1
  BUFFER_POOL DEFAULT FLASH_CACHE DEFAULT CELL_FLASH_CACHE DEFAULT)
  TABLESPACE "SYSTEM" ;
--------------------------------------------------------
--  DDL for Index SE_DEFINEN3_FK
--------------------------------------------------------

  CREATE INDEX "SE_DEFINEN3_FK" ON "ASIGNATURA" ("COGRA") 
  PCTFREE 10 INITRANS 2 MAXTRANS 255 COMPUTE STATISTICS 
  STORAGE(INITIAL 65536 NEXT 1048576 MINEXTENTS 1 MAXEXTENTS 2147483645
  PCTINCREASE 0 FREELISTS 1 FREELIST GROUPS 1
  BUFFER_POOL DEFAULT FLASH_CACHE DEFAULT CELL_FLASH_CACHE DEFAULT)
  TABLESPACE "SYSTEM" ;
--------------------------------------------------------
--  Constraints for Table ESTUDIANTE
--------------------------------------------------------

  ALTER TABLE "ESTUDIANTE" ADD CONSTRAINT "PK_ESTUDIANTE" PRIMARY KEY ("COEST")
  USING INDEX PCTFREE 10 INITRANS 2 MAXTRANS 255 COMPUTE STATISTICS 
  STORAGE(INITIAL 65536 NEXT 1048576 MINEXTENTS 1 MAXEXTENTS 2147483645
  PCTINCREASE 0 FREELISTS 1 FREELIST GROUPS 1
  BUFFER_POOL DEFAULT FLASH_CACHE DEFAULT CELL_FLASH_CACHE DEFAULT)
  TABLESPACE "SYSTEM"  ENABLE;
  ALTER TABLE "ESTUDIANTE" MODIFY ("COACUD" NOT NULL ENABLE);
  ALTER TABLE "ESTUDIANTE" MODIFY ("COCOLEGIO" NOT NULL ENABLE);
  ALTER TABLE "ESTUDIANTE" MODIFY ("COEST" NOT NULL ENABLE);
  ALTER TABLE "ESTUDIANTE" MODIFY ("TIPODOC" NOT NULL ENABLE);
  ALTER TABLE "ESTUDIANTE" MODIFY ("NUMDOC" NOT NULL ENABLE);
--------------------------------------------------------
--  Constraints for Table ACUDIENTE
--------------------------------------------------------

  ALTER TABLE "ACUDIENTE" ADD CONSTRAINT "PK_ACUDIENTE" PRIMARY KEY ("COACUD")
  USING INDEX PCTFREE 10 INITRANS 2 MAXTRANS 255 COMPUTE STATISTICS 
  STORAGE(INITIAL 65536 NEXT 1048576 MINEXTENTS 1 MAXEXTENTS 2147483645
  PCTINCREASE 0 FREELISTS 1 FREELIST GROUPS 1
  BUFFER_POOL DEFAULT FLASH_CACHE DEFAULT CELL_FLASH_CACHE DEFAULT)
  TABLESPACE "SYSTEM"  ENABLE;
  ALTER TABLE "ACUDIENTE" MODIFY ("COMUN" NOT NULL ENABLE);
  ALTER TABLE "ACUDIENTE" MODIFY ("COACUD" NOT NULL ENABLE);
  ALTER TABLE "ACUDIENTE" MODIFY ("TIPODOC" NOT NULL ENABLE);
  ALTER TABLE "ACUDIENTE" MODIFY ("NUMDOC" NOT NULL ENABLE);
--------------------------------------------------------
--  Constraints for Table CARGO
--------------------------------------------------------

  ALTER TABLE "CARGO" ADD CONSTRAINT "PK_CARGO" PRIMARY KEY ("IDCARGO")
  USING INDEX PCTFREE 10 INITRANS 2 MAXTRANS 255 COMPUTE STATISTICS 
  STORAGE(INITIAL 65536 NEXT 1048576 MINEXTENTS 1 MAXEXTENTS 2147483645
  PCTINCREASE 0 FREELISTS 1 FREELIST GROUPS 1
  BUFFER_POOL DEFAULT FLASH_CACHE DEFAULT CELL_FLASH_CACHE DEFAULT)
  TABLESPACE "SYSTEM"  ENABLE;
  ALTER TABLE "CARGO" MODIFY ("IDCARGO" NOT NULL ENABLE);
--------------------------------------------------------
--  Constraints for Table CARGA_ACAD
--------------------------------------------------------

  ALTER TABLE "CARGA_ACAD" ADD CONSTRAINT "PK_CARGA_ACAD" PRIMARY KEY ("IDCARGA")
  USING INDEX PCTFREE 10 INITRANS 2 MAXTRANS 255 COMPUTE STATISTICS 
  STORAGE(INITIAL 65536 NEXT 1048576 MINEXTENTS 1 MAXEXTENTS 2147483645
  PCTINCREASE 0 FREELISTS 1 FREELIST GROUPS 1
  BUFFER_POOL DEFAULT FLASH_CACHE DEFAULT CELL_FLASH_CACHE DEFAULT)
  TABLESPACE "SYSTEM"  ENABLE;
  ALTER TABLE "CARGA_ACAD" ADD CONSTRAINT "CKC_LITERALCURSO_CARGA_AC" CHECK (LITERALCURSO in ('A','B','C') and LITERALCURSO = upper(LITERALCURSO)) ENABLE;
  ALTER TABLE "CARGA_ACAD" MODIFY ("COPROF" NOT NULL ENABLE);
  ALTER TABLE "CARGA_ACAD" MODIFY ("COASIG" NOT NULL ENABLE);
  ALTER TABLE "CARGA_ACAD" MODIFY ("ANOACAD" NOT NULL ENABLE);
  ALTER TABLE "CARGA_ACAD" MODIFY ("LITERALCURSO" NOT NULL ENABLE);
  ALTER TABLE "CARGA_ACAD" MODIFY ("COGRA" NOT NULL ENABLE);
  ALTER TABLE "CARGA_ACAD" MODIFY ("IDCARGA" NOT NULL ENABLE);
--------------------------------------------------------
--  Constraints for Table ENTIDAD_BANCARIA
--------------------------------------------------------

  ALTER TABLE "ENTIDAD_BANCARIA" ADD CONSTRAINT "PK_ENTIDAD_BANCARIA" PRIMARY KEY ("COENTBAN")
  USING INDEX PCTFREE 10 INITRANS 2 MAXTRANS 255 COMPUTE STATISTICS 
  STORAGE(INITIAL 65536 NEXT 1048576 MINEXTENTS 1 MAXEXTENTS 2147483645
  PCTINCREASE 0 FREELISTS 1 FREELIST GROUPS 1
  BUFFER_POOL DEFAULT FLASH_CACHE DEFAULT CELL_FLASH_CACHE DEFAULT)
  TABLESPACE "SYSTEM"  ENABLE;
  ALTER TABLE "ENTIDAD_BANCARIA" MODIFY ("COENTBAN" NOT NULL ENABLE);
--------------------------------------------------------
--  Constraints for Table COLEGIO
--------------------------------------------------------

  ALTER TABLE "COLEGIO" ADD CONSTRAINT "PK_COLEGIO" PRIMARY KEY ("COCOLEGIO")
  USING INDEX PCTFREE 10 INITRANS 2 MAXTRANS 255 COMPUTE STATISTICS 
  STORAGE(INITIAL 65536 NEXT 1048576 MINEXTENTS 1 MAXEXTENTS 2147483645
  PCTINCREASE 0 FREELISTS 1 FREELIST GROUPS 1
  BUFFER_POOL DEFAULT FLASH_CACHE DEFAULT CELL_FLASH_CACHE DEFAULT)
  TABLESPACE "SYSTEM"  ENABLE;
  ALTER TABLE "COLEGIO" MODIFY ("COCOLEGIO" NOT NULL ENABLE);
--------------------------------------------------------
--  Constraints for Table TITULOPROF
--------------------------------------------------------

  ALTER TABLE "TITULOPROF" ADD CONSTRAINT "PK_TITULOPROF" PRIMARY KEY ("IDTITULO")
  USING INDEX PCTFREE 10 INITRANS 2 MAXTRANS 255 COMPUTE STATISTICS 
  STORAGE(INITIAL 65536 NEXT 1048576 MINEXTENTS 1 MAXEXTENTS 2147483645
  PCTINCREASE 0 FREELISTS 1 FREELIST GROUPS 1
  BUFFER_POOL DEFAULT FLASH_CACHE DEFAULT CELL_FLASH_CACHE DEFAULT)
  TABLESPACE "SYSTEM"  ENABLE;
  ALTER TABLE "TITULOPROF" MODIFY ("IDTITULO" NOT NULL ENABLE);
--------------------------------------------------------
--  Constraints for Table MUNICIPIO
--------------------------------------------------------

  ALTER TABLE "MUNICIPIO" ADD CONSTRAINT "PK_MUNICIPIO" PRIMARY KEY ("COMUN")
  USING INDEX PCTFREE 10 INITRANS 2 MAXTRANS 255 COMPUTE STATISTICS 
  STORAGE(INITIAL 65536 NEXT 1048576 MINEXTENTS 1 MAXEXTENTS 2147483645
  PCTINCREASE 0 FREELISTS 1 FREELIST GROUPS 1
  BUFFER_POOL DEFAULT FLASH_CACHE DEFAULT CELL_FLASH_CACHE DEFAULT)
  TABLESPACE "SYSTEM"  ENABLE;
  ALTER TABLE "MUNICIPIO" MODIFY ("COMUN" NOT NULL ENABLE);
--------------------------------------------------------
--  Constraints for Table PAGO
--------------------------------------------------------

  ALTER TABLE "PAGO" ADD CONSTRAINT "PK_PAGO" PRIMARY KEY ("NUPAG")
  USING INDEX PCTFREE 10 INITRANS 2 MAXTRANS 255 COMPUTE STATISTICS 
  STORAGE(INITIAL 65536 NEXT 1048576 MINEXTENTS 1 MAXEXTENTS 2147483645
  PCTINCREASE 0 FREELISTS 1 FREELIST GROUPS 1
  BUFFER_POOL DEFAULT FLASH_CACHE DEFAULT CELL_FLASH_CACHE DEFAULT)
  TABLESPACE "SYSTEM"  ENABLE;
  ALTER TABLE "PAGO" MODIFY ("VALORPAG" NOT NULL ENABLE);
  ALTER TABLE "PAGO" MODIFY ("NUMATR" NOT NULL ENABLE);
  ALTER TABLE "PAGO" MODIFY ("COENTBAN" NOT NULL ENABLE);
  ALTER TABLE "PAGO" MODIFY ("NUPAG" NOT NULL ENABLE);
--------------------------------------------------------
--  Constraints for Table GRADO
--------------------------------------------------------

  ALTER TABLE "GRADO" ADD CONSTRAINT "PK_GRADO" PRIMARY KEY ("COGRA")
  USING INDEX PCTFREE 10 INITRANS 2 MAXTRANS 255 COMPUTE STATISTICS 
  STORAGE(INITIAL 65536 NEXT 1048576 MINEXTENTS 1 MAXEXTENTS 2147483645
  PCTINCREASE 0 FREELISTS 1 FREELIST GROUPS 1
  BUFFER_POOL DEFAULT FLASH_CACHE DEFAULT CELL_FLASH_CACHE DEFAULT)
  TABLESPACE "SYSTEM"  ENABLE;
  ALTER TABLE "GRADO" MODIFY ("COGRA" NOT NULL ENABLE);
--------------------------------------------------------
--  Constraints for Table MATRICULA
--------------------------------------------------------

  ALTER TABLE "MATRICULA" ADD CONSTRAINT "PK_MATRICULA" PRIMARY KEY ("NUMATR")
  USING INDEX PCTFREE 10 INITRANS 2 MAXTRANS 255 COMPUTE STATISTICS 
  STORAGE(INITIAL 65536 NEXT 1048576 MINEXTENTS 1 MAXEXTENTS 2147483645
  PCTINCREASE 0 FREELISTS 1 FREELIST GROUPS 1
  BUFFER_POOL DEFAULT FLASH_CACHE DEFAULT CELL_FLASH_CACHE DEFAULT)
  TABLESPACE "SYSTEM"  ENABLE;
  ALTER TABLE "MATRICULA" ADD CONSTRAINT "CKC_ESTADOFIN_MATRICUL" CHECK (ESTADOFIN is null or (ESTADOFIN in ('p','n'))) ENABLE;
  ALTER TABLE "MATRICULA" ADD CONSTRAINT "CKC_LITERALCURSO_MATRICUL" CHECK (LITERALCURSO in ('A','B','C') and LITERALCURSO = upper(LITERALCURSO)) ENABLE;
  ALTER TABLE "MATRICULA" MODIFY ("COEST" NOT NULL ENABLE);
  ALTER TABLE "MATRICULA" MODIFY ("ANOACAD" NOT NULL ENABLE);
  ALTER TABLE "MATRICULA" MODIFY ("LITERALCURSO" NOT NULL ENABLE);
  ALTER TABLE "MATRICULA" MODIFY ("COGRA" NOT NULL ENABLE);
  ALTER TABLE "MATRICULA" MODIFY ("NUMATR" NOT NULL ENABLE);
--------------------------------------------------------
--  Constraints for Table CURSO
--------------------------------------------------------

  ALTER TABLE "CURSO" ADD CONSTRAINT "PK_CURSO" PRIMARY KEY ("COGRA", "LITERALCURSO", "ANOACAD")
  USING INDEX PCTFREE 10 INITRANS 2 MAXTRANS 255 COMPUTE STATISTICS 
  STORAGE(INITIAL 65536 NEXT 1048576 MINEXTENTS 1 MAXEXTENTS 2147483645
  PCTINCREASE 0 FREELISTS 1 FREELIST GROUPS 1
  BUFFER_POOL DEFAULT FLASH_CACHE DEFAULT CELL_FLASH_CACHE DEFAULT)
  TABLESPACE "SYSTEM"  ENABLE;
  ALTER TABLE "CURSO" ADD CONSTRAINT "CKC_CUPOEST_CURSO" CHECK (CUPOEST is null or (CUPOEST between 10 and 30)) ENABLE;
  ALTER TABLE "CURSO" ADD CONSTRAINT "CKC_LITERALCURSO_CURSO" CHECK (LITERALCURSO in ('A','B','C') and LITERALCURSO = upper(LITERALCURSO)) ENABLE;
  ALTER TABLE "CURSO" MODIFY ("NOMBRECUR" NOT NULL ENABLE);
  ALTER TABLE "CURSO" MODIFY ("ANOACAD" NOT NULL ENABLE);
  ALTER TABLE "CURSO" MODIFY ("LITERALCURSO" NOT NULL ENABLE);
  ALTER TABLE "CURSO" MODIFY ("COGRA" NOT NULL ENABLE);
--------------------------------------------------------
--  Constraints for Table PERSONA
--------------------------------------------------------

  ALTER TABLE "PERSONA" ADD CONSTRAINT "PK_PERSONA" PRIMARY KEY ("NUMDOC", "TIPODOC")
  USING INDEX PCTFREE 10 INITRANS 2 MAXTRANS 255 COMPUTE STATISTICS 
  STORAGE(INITIAL 65536 NEXT 1048576 MINEXTENTS 1 MAXEXTENTS 2147483645
  PCTINCREASE 0 FREELISTS 1 FREELIST GROUPS 1
  BUFFER_POOL DEFAULT FLASH_CACHE DEFAULT CELL_FLASH_CACHE DEFAULT)
  TABLESPACE "SYSTEM"  ENABLE;
  ALTER TABLE "PERSONA" MODIFY ("TIPODOC" NOT NULL ENABLE);
  ALTER TABLE "PERSONA" MODIFY ("NUMDOC" NOT NULL ENABLE);
--------------------------------------------------------
--  Constraints for Table ASIGNATURA
--------------------------------------------------------

  ALTER TABLE "ASIGNATURA" ADD CONSTRAINT "PK_ASIGNATURA" PRIMARY KEY ("COASIG")
  USING INDEX PCTFREE 10 INITRANS 2 MAXTRANS 255 COMPUTE STATISTICS 
  STORAGE(INITIAL 65536 NEXT 1048576 MINEXTENTS 1 MAXEXTENTS 2147483645
  PCTINCREASE 0 FREELISTS 1 FREELIST GROUPS 1
  BUFFER_POOL DEFAULT FLASH_CACHE DEFAULT CELL_FLASH_CACHE DEFAULT)
  TABLESPACE "SYSTEM"  ENABLE;
  ALTER TABLE "ASIGNATURA" ADD CONSTRAINT "CKC_HORASEM_ASIGNATU" CHECK (HORASEM is null or (HORASEM between 2 and 8)) ENABLE;
  ALTER TABLE "ASIGNATURA" MODIFY ("COGRA" NOT NULL ENABLE);
  ALTER TABLE "ASIGNATURA" MODIFY ("COASIG" NOT NULL ENABLE);
--------------------------------------------------------
--  Constraints for Table PROFESOR
--------------------------------------------------------

  ALTER TABLE "PROFESOR" ADD CONSTRAINT "PK_PROFESOR" PRIMARY KEY ("COPROF")
  USING INDEX PCTFREE 10 INITRANS 2 MAXTRANS 255 COMPUTE STATISTICS 
  STORAGE(INITIAL 65536 NEXT 1048576 MINEXTENTS 1 MAXEXTENTS 2147483645
  PCTINCREASE 0 FREELISTS 1 FREELIST GROUPS 1
  BUFFER_POOL DEFAULT FLASH_CACHE DEFAULT CELL_FLASH_CACHE DEFAULT)
  TABLESPACE "SYSTEM"  ENABLE;
  ALTER TABLE "PROFESOR" MODIFY ("IDCARGO" NOT NULL ENABLE);
  ALTER TABLE "PROFESOR" MODIFY ("IDTITULO" NOT NULL ENABLE);
  ALTER TABLE "PROFESOR" MODIFY ("COPROF" NOT NULL ENABLE);
  ALTER TABLE "PROFESOR" MODIFY ("TIPODOC" NOT NULL ENABLE);
  ALTER TABLE "PROFESOR" MODIFY ("NUMDOC" NOT NULL ENABLE);
--------------------------------------------------------
--  Ref Constraints for Table ACUDIENTE
--------------------------------------------------------

  ALTER TABLE "ACUDIENTE" ADD CONSTRAINT "FK_ACUDIENT_ES2_PERSONA" FOREIGN KEY ("NUMDOC", "TIPODOC")
	  REFERENCES "PERSONA" ("NUMDOC", "TIPODOC") ENABLE;
  ALTER TABLE "ACUDIENTE" ADD CONSTRAINT "FK_ACUDIENT_RESIDEN_MUNICIPI" FOREIGN KEY ("COMUN")
	  REFERENCES "MUNICIPIO" ("COMUN") ENABLE;
--------------------------------------------------------
--  Ref Constraints for Table ASIGNATURA
--------------------------------------------------------

  ALTER TABLE "ASIGNATURA" ADD CONSTRAINT "FK_ASIGNATU_SE_DEFINE_GRADO" FOREIGN KEY ("COGRA")
	  REFERENCES "GRADO" ("COGRA") ENABLE;
--------------------------------------------------------
--  Ref Constraints for Table CARGA_ACAD
--------------------------------------------------------

  ALTER TABLE "CARGA_ACAD" ADD CONSTRAINT "FK_CARGA_AC_ES_ORIENT_ASIGNATU" FOREIGN KEY ("COASIG")
	  REFERENCES "ASIGNATURA" ("COASIG") ENABLE;
  ALTER TABLE "CARGA_ACAD" ADD CONSTRAINT "FK_CARGA_AC_SE_DESARR_CURSO" FOREIGN KEY ("COGRA", "LITERALCURSO", "ANOACAD")
	  REFERENCES "CURSO" ("COGRA", "LITERALCURSO", "ANOACAD") ENABLE;
  ALTER TABLE "CARGA_ACAD" ADD CONSTRAINT "FK_CARGA_AC_SE_LE_ASI_PROFESOR" FOREIGN KEY ("COPROF")
	  REFERENCES "PROFESOR" ("COPROF") ENABLE;
--------------------------------------------------------
--  Ref Constraints for Table CURSO
--------------------------------------------------------

  ALTER TABLE "CURSO" ADD CONSTRAINT "FK_CURSO_TIENE3_GRADO" FOREIGN KEY ("COGRA")
	  REFERENCES "GRADO" ("COGRA") ENABLE;
--------------------------------------------------------
--  Ref Constraints for Table ESTUDIANTE
--------------------------------------------------------

  ALTER TABLE "ESTUDIANTE" ADD CONSTRAINT "FK_ESTUDIAN_ESTUDIO_COLEGIO" FOREIGN KEY ("COCOLEGIO")
	  REFERENCES "COLEGIO" ("COCOLEGIO") ENABLE;
  ALTER TABLE "ESTUDIANTE" ADD CONSTRAINT "FK_ESTUDIAN_ES_PERSONA" FOREIGN KEY ("NUMDOC", "TIPODOC")
	  REFERENCES "PERSONA" ("NUMDOC", "TIPODOC") ENABLE;
  ALTER TABLE "ESTUDIANTE" ADD CONSTRAINT "FK_ESTUDIAN_RESPONDE3_ACUDIENT" FOREIGN KEY ("COACUD")
	  REFERENCES "ACUDIENTE" ("COACUD") ENABLE;
--------------------------------------------------------
--  Ref Constraints for Table MATRICULA
--------------------------------------------------------

  ALTER TABLE "MATRICULA" ADD CONSTRAINT "FK_MATRICUL_CORRESPON_PAGO" FOREIGN KEY ("NUPAG")
	  REFERENCES "PAGO" ("NUPAG") ENABLE;
  ALTER TABLE "MATRICULA" ADD CONSTRAINT "FK_MATRICUL_REFERENCI_CURSO" FOREIGN KEY ("COGRA", "LITERALCURSO", "ANOACAD")
	  REFERENCES "CURSO" ("COGRA", "LITERALCURSO", "ANOACAD") ENABLE;
  ALTER TABLE "MATRICULA" ADD CONSTRAINT "FK_MATRICUL_REGISTRA3_ESTUDIAN" FOREIGN KEY ("COEST")
	  REFERENCES "ESTUDIANTE" ("COEST") ENABLE;
--------------------------------------------------------
--  Ref Constraints for Table PAGO
--------------------------------------------------------

  ALTER TABLE "PAGO" ADD CONSTRAINT "FK_PAGO_CORRESPON_MATRICUL" FOREIGN KEY ("NUMATR")
	  REFERENCES "MATRICULA" ("NUMATR") ENABLE;
  ALTER TABLE "PAGO" ADD CONSTRAINT "FK_PAGO_RECIBE_ENTIDAD_" FOREIGN KEY ("COENTBAN")
	  REFERENCES "ENTIDAD_BANCARIA" ("COENTBAN") ENABLE;
--------------------------------------------------------
--  Ref Constraints for Table PROFESOR
--------------------------------------------------------

  ALTER TABLE "PROFESOR" ADD CONSTRAINT "FK_PROFESOR_CORDINA_PROFESOR" FOREIGN KEY ("PRO_COPROF")
	  REFERENCES "PROFESOR" ("COPROF") ENABLE;
  ALTER TABLE "PROFESOR" ADD CONSTRAINT "FK_PROFESOR_ES3_PERSONA" FOREIGN KEY ("NUMDOC", "TIPODOC")
	  REFERENCES "PERSONA" ("NUMDOC", "TIPODOC") ENABLE;
  ALTER TABLE "PROFESOR" ADD CONSTRAINT "FK_PROFESOR_TIENE1_TITULOPR" FOREIGN KEY ("IDTITULO")
	  REFERENCES "TITULOPROF" ("IDTITULO") ENABLE;
  ALTER TABLE "PROFESOR" ADD CONSTRAINT "FK_PROFESOR_ULTIMOCAR_CARGO" FOREIGN KEY ("IDCARGO")
	  REFERENCES "CARGO" ("IDCARGO") ENABLE;
